{
	"pattrstorage" : 	{
		"name" : "wTest",
		"slots" : 		{
			"1" : 			{
				"id" : 1,
				"data" : 				{
					"waveDraw" : [ 0.004405, 0.070878 ],
					"scale" : [ 0.0, 1.0 ],
					"loopLength" : [ 200.0 ]
				}

			}
,
			"2" : 			{
				"id" : 2,
				"data" : 				{
					"waveDraw" : [ 0.352423, 0.035439 ],
					"scale" : [ 0.348526, 0.10254 ],
					"loopLength" : [ 100.0 ]
				}

			}
,
			"3" : 			{
				"id" : 3,
				"data" : 				{
					"waveDraw" : [ 0.891487, 0.100647 ],
					"scale" : [ 0.819542, 0.180458 ],
					"loopLength" : [ 284.0 ]
				}

			}
,
			"4" : 			{
				"id" : 4,
				"data" : 				{
					"waveDraw" : [ 0.486784, 0.132542 ],
					"scale" : [ 0.0, 1.0 ],
					"loopLength" : [ 374.0 ]
				}

			}

		}

	}

}
